Q1,Q2,Q3,Q4,Q5,Q6
wind speed Kanasas 2003,how many schools national lunch program,puru population 1986,failed banks texas,medical spending mississippi veteran affairs,electricity price western us map
kansas monthly wind speed between 2003 and 2004 ,NSLP schools how many meal served,peru population from 1986 through 1994,Texas failed banks,Mississippi Department of Vetrans affairs how much money spent on medical care,electricity price varience in western region of U.S.
Wind speed in Kansas in years 2003-2004,Schools who have participated in the National School Lunch Program,Population in Peru from 1986-1994,banks in Texas that have failed in the past ten years,How much does the Department of Veterans Affairs spend on medical care in Mississippi ,How has the price of electricity changed in the Western region of the U.S.
Kansas wind speeds 2003-2004,NSLP schools meal count,Peru population 1986-1994,Texas bank status 2008-2018,Mississippi Department of Veterans Affairs medical care spending,Western USA electricity price 2008-2018
Kansas monthly wind speed for every month from 2003 to 2004,How many schools are part of the National School Lunch Program (NSLP),How many people were born in Peru from 1986 to 1994,List banks that have failed in Texas since 2008,Mississippi Department of Veterans Affairs spending in 2017,California electricity price trends for last ten years
historical wind speed kansas,national school lunch program participating schools,historical population in peru,failed banks texas,Mississippi by the Department of Veterans Affairs federal funding,historical electricity prices in us
What was the monthly calculated wind speed range in Kansas from 2003-2004?,What is the amount and name of each school that participated in the National School Lunch Program?,What was the population of Peru between 1986-1994?,"In the state of Texas, which banks have failed in the past 10 years?",How much money was spent in the state of Mississippi for medical care by the MDVA?,Has the price of electricity in Western-US regions changed with an increase or a decrease over time?
Kansas wind speed 2003 2004,National School Lunch Program schools lunches served,Peru population 1986 to 1994,Texas failed banks,Department of Veterans Affairs medical spending Mississippi,Increase in electricity price in Western US
What were the monthly wind speeds in Kansas from 2003 to 2004?,How many schools have participated in the National School Lunch Program and how many meals have been served in each school?,What was the population in Peru for each year in the range of 1986 to 1994?,I want to see every bank that has failed in Texas in the past decade.,How much is spent on medical care in Mississippi for the Department of Veterans Affairs? ,Show me the price of electricity in the US and how it has changed in the past five years.
2003 2004 Kansas average monthly wind speeds ,NSLP participating schools NSLP meal numbers for schools,Peru population census 1986 1994 years of,Texas banking institutions recently gone bankrupt,Mississippi DVA medical care budget spending,Change in cost of electricity in western US over decades
monthly wind speeds 2003-2004 Kansas,National School Lunch Program schools number of meals,Peru population 1986-94,Texas banks failed 2008-2018,federal spending medical care Mississippi Dept of Veterans Affairs,Western US electricity prices
Kansas historical weather records,United States school lunch programs,Historical Peruvian population,Texas failed banks,Mississippi VFW hospital spending,Historical electricity prices across US
wind speed average Kansas 2003 2004 monthly,National School Lunch Program NSLP participation meals,Peru population 1986 1987 1988 1989 1990 1991 1992 1993 1994,Texas banks failed 2008 2009 2010 2011 2012 2013 2014 2015 2016 2017 2018,Veterans affairs expenditures medical Mississippi ,Electricity prices United States Western historical
Datasets that contain the wind speed of areas within Kansas are also relevant.,you are asked to write a query to find datasets that could help the review process.,Please write a query to help the researcher find datasets containing such information.,Write a query to help the journalist find such datasets.,Write a query to help them find datasets containing the information needed.,Write a query to help the expert find datasets that will contain useful information.
monthly wind speeds in Kansas 2003-2004,schools participating in  and number of meals in National School Lunch Program (NSLP), population of in Peru from 1986-94,banks that failed in Texas 2010-2018,federal spending on medical care in Mississippi by the Department of Veterans Affairs,changes in electricity pricing in Western U.S.
Wind speed records in Kansas from 2003-2004,Total number of schools that participate in National school lunch program,What was the population of peru from 1986-1994,Number of banks that have failed in texas in the past ten years,Yearly spending on medical care in the state of missippi,yearly changes in electricity prices in the western unit 
Average wind speeds per month in Kansas from 2003-2004,Complete list of schools participating in NSLP+ total number of meals served in each school,Population of peru by year from 1986-1994,Complete list of banks in texas that have went bankrupt from 2008-2018,Federal spending on medical care for state of Mississippi by Department of Verterans Affairs.,List of annual cost of electricity for western region of U.S. by year.
wind speed data for Kansas 2003 - 2004,National School Lunch Program Data total meals served by school,population of Peru 1986 - 1994,list of banks in Texas that failed in past 10 years,how much did the Department of Veterans Affairs spend on medical care in Mississippi,historical electricity price trends for the western united states
wind speeds in Kansas 2003-2004,list of schools that participate in NSLP; number of meals servced in NSLP schools,population of peru 1986-1994,list of banks that failed in texas 2008-2018,How much does veterans affairs spend on medical care in mississippi,average price of electricity in western us from 1980-2018; average price of electricity in california from 1980-2018
Kansas wind speed statistics 2003-2004,NSLP school statistics,Peru population 1986-1994 statistics,Texas bank failure statistics,VA medical care costs mississippi,western US electricity cost history
